Timepoint,Intensity,Step
0,36.15492080123508,35.94987960781436
1,19.014128801139428,35.94987960781436
2,31.657008601234526,35.94987960781436
3,35.825922139316646,35.94987960781436
4,31.54854399807136,35.94987960781436
5,37.66875854902704,35.94987960781436
6,24.858778571338956,35.94987960781436
7,47.86268635743687,35.94987960781436
8,30.873845495658262,35.94987960781436
9,34.18093464807949,35.94987960781436
10,46.72162359882023,35.94987960781436
11,8.105593853957817,35.94987960781436
12,31.005737215226215,35.94987960781436
13,37.774947945595805,35.94987960781436
14,24.23860519855768,35.94987960781436
15,35.456797723394466,35.94987960781436
16,30.879698384815704,35.94987960781436
17,28.332801916207107,35.94987960781436
18,21.599232405667276,35.94987960781436
19,33.6489108264441,35.94987960781436
20,26.906618067066432,35.94987960781436
21,33.39454627916761,35.94987960781436
22,17.499965747555937,35.94987960781436
23,38.142481149714435,35.94987960781436
24,35.04380059000644,35.94987960781436
25,38.33488966445115,35.94987960781436
26,26.27283081647376,35.94987960781436
27,27.362958366944238,35.94987960781436
28,22.489909042316597,35.94987960781436
29,17.069809396036344,35.94987960781436
30,27.587015911206255,35.94987960781436
31,30.08453892043588,35.94987960781436
32,13.567569531603441,35.94987960781436
33,24.117152236375404,35.94987960781436
34,30.284836030386764,35.94987960781436
35,39.72909090663021,35.94987960781436
36,29.8172488249481,35.94987960781436
37,50.57375363221647,35.94987960781436
38,25.81167831444196,35.94987960781436
39,31.60422308036074,35.94987960781436
40,30.318096508916486,35.94987960781436
41,35.258327730557454,35.94987960781436
42,53.538584934242216,35.94987960781436
43,51.982191485293356,35.94987960781436
44,13.861302930692425,35.94987960781436
45,36.00525986555921,35.94987960781436
46,18.26704917246087,35.94987960781436
47,27.187792292363824,35.94987960781436
48,62.71890248875586,35.94987960781436
49,48.37273008966687,35.94987960781436
50,16.132888288577156,35.94987960781436
51,27.54148128070783,35.94987960781436
52,42.74056039836799,35.94987960781436
53,40.42428347471009,35.94987960781436
54,34.058028050453956,35.94987960781436
55,33.866950518795946,35.94987960781436
56,20.19033430335574,35.94987960781436
57,45.486410975606525,35.94987960781436
58,27.927605922009057,35.94987960781436
59,34.350839211366626,35.94987960781436
60,51.46943926635836,35.94987960781436
61,43.08156320944328,35.94987960781436
62,29.78323413083425,35.94987960781436
63,30.51853301055489,35.94987960781436
64,31.790923680258302,35.94987960781436
65,32.39187724039581,35.94987960781436
66,56.290699290681395,35.94987960781436
67,30.029449867221942,35.94987960781436
68,41.70451745603759,35.94987960781436
69,32.154748768798285,35.94987960781436
70,42.05891966834718,35.94987960781436
71,31.28999612266748,35.94987960781436
72,24.65653803898931,35.94987960781436
73,24.69670327616297,35.94987960781436
74,45.73689320026496,35.94987960781436
75,50.0070233432131,35.94987960781436
76,28.422059715698026,35.94987960781436
77,39.85725563682323,35.94987960781436
78,37.047841421886346,35.94987960781436
79,46.98243144050319,35.94987960781436
80,40.00626458789513,35.94987960781436
81,39.0999520574691,35.94987960781436
82,43.231841343909124,35.94987960781436
83,40.124538318338935,35.94987960781436
84,55.67771902700996,35.94987960781436
85,34.649157575453444,35.94987960781436
86,42.92372771678809,35.94987960781436
87,31.575917446618277,35.94987960781436
88,36.241301355986565,35.94987960781436
89,41.56762670516263,35.94987960781436
90,48.807651446468256,35.94987960781436
91,32.007260037955554,35.94987960781436
92,36.035077530134515,35.94987960781436
93,52.66933971517707,35.94987960781436
94,44.09719623882996,35.94987960781436
95,10.80264342053245,35.94987960781436
96,40.8898464971166,35.94987960781436
97,40.5050031314036,35.94987960781436
98,51.844358798857286,35.94987960781436
99,44.662593625819625,35.94987960781436
100,57.14894857325458,35.94987960781436
101,47.51625779373415,35.94987960781436
102,69.60753165171278,35.94987960781436
103,20.16943821602028,35.94987960781436
104,47.14228567751683,35.94987960781436
105,65.07402575356512,35.94987960781436
106,34.03329424087586,35.94987960781436
107,28.091800666570172,35.94987960781436
108,32.35743309077673,35.94987960781436
109,65.38911319975387,35.94987960781436
110,15.192777750405911,35.94987960781436
111,38.78901547581352,35.94987960781436
112,35.35171597584494,35.94987960781436
113,45.61563714960332,35.94987960781436
114,19.93970768606438,35.94987960781436
115,34.394153730276464,35.94987960781436
116,48.36924212584618,35.94987960781436
117,33.628074832052334,35.94987960781436
118,33.633421850953624,35.94987960781436
119,36.776114786188344,35.94987960781436
120,12.052282082638472,35.94987960781436
121,26.787339817443137,35.94987960781436
122,34.25357165199428,35.94987960781436
123,68.32587500760862,35.94987960781436
124,56.94626640493367,35.94987960781436
125,33.670335024902634,35.94987960781436
126,19.485199561650084,35.94987960781436
127,33.902751443337905,35.94987960781436
128,30.118903721752453,35.94987960781436
129,33.023203495756704,35.94987960781436
130,59.26824549535344,35.94987960781436
131,60.20976493190955,35.94987960781436
132,32.8223024285221,35.94987960781436
133,32.60654411777307,35.94987960781436
134,50.17793768789927,35.94987960781436
135,38.81010111652764,35.94987960781436
136,62.79528754224431,35.94987960781436
137,31.750212290130264,35.94987960781436
138,40.52071198737816,35.94987960781436
139,25.97568894434875,35.94987960781436
140,81.81023580853805,35.94987960781436
141,44.009314843841665,35.94987960781436
142,28.242169035798664,35.94987960781436
143,81.12274522597426,35.94987960781436
144,34.265272711105666,35.94987960781436
145,53.870021486038794,35.94987960781436
146,36.7151473298997,35.94987960781436
147,47.2071021983056,35.94987960781436
148,31.751043731867615,35.94987960781436
149,51.68195733181513,35.94987960781436
150,61.09738618400571,35.94987960781436
151,44.39417944876246,35.94987960781436
152,47.073971970862814,35.94987960781436
153,40.092741860552636,35.94987960781436
154,57.807584896340536,35.94987960781436
155,40.145615450370606,35.94987960781436
156,58.281647893884404,35.94987960781436
157,14.387143020648802,35.94987960781436
158,43.12261982611393,35.94987960781436
159,35.27752852541148,35.94987960781436
160,47.775582930894934,35.94987960781436
161,27.494123345827813,35.94987960781436
162,36.32263806422469,35.94987960781436
163,42.69025107975581,35.94987960781436
164,27.557916128123797,35.94987960781436
165,31.44249043303646,35.94987960781436
166,25.300612708055272,35.94987960781436
167,39.35518520483878,35.94987960781436
168,60.32535624820156,35.94987960781436
169,43.624807150393316,35.94987960781436
170,29.86267144277076,35.94987960781436
171,17.177539813767716,35.94987960781436
172,22.164327319823588,35.94987960781436
173,50.77275296168812,35.94987960781436
174,17.784083896471675,35.94987960781436
175,24.736369755327452,35.94987960781436
176,41.08531806894669,35.94987960781436
177,30.676028225089258,35.94987960781436
178,49.12538277526055,35.94987960781436
179,45.5680994650439,35.94987960781436
180,14.496669015669893,35.94987960781436
181,39.76326000368485,35.94987960781436
182,25.77098770615948,35.94987960781436
183,39.823443823948736,35.94987960781436
184,32.68580952056713,35.94987960781436
185,40.25951284542892,35.94987960781436
186,31.587389649584114,35.94987960781436
187,36.130492496473885,35.94987960781436
188,40.22549048934688,35.94987960781436
189,30.581240593027825,35.94987960781436
190,36.122537720035105,35.94987960781436
191,32.30387894797712,35.94987960781436
192,25.876100640661818,35.94987960781436
193,25.85549535887851,35.94987960781436
194,42.113732452515,35.94987960781436
195,17.726617839417546,35.94987960781436
196,26.876268367799394,35.94987960781436
197,31.886452140299955,35.94987960781436
198,18.496601926038867,35.94987960781436
199,7.879044609989768,35.94987960781436
200,53.90342726785034,35.94987960781436
201,48.52701626476121,35.94987960781436
202,29.178325960144647,35.94987960781436
203,31.44928420759218,35.94987960781436
204,42.96042954288933,35.94987960781436
205,45.860570690546616,35.94987960781436
206,48.18922449967559,35.94987960781436
207,32.383161697298625,35.94987960781436
208,26.926809769791674,35.94987960781436
209,29.840663993585498,35.94987960781436
210,28.100819379549648,35.94987960781436
211,26.405576273214397,35.94987960781436
212,27.724250465676917,35.94987960781436
213,19.604719357465274,35.94987960781436
214,15.904713942328216,35.94987960781436
215,26.580501425262913,35.94987960781436
216,39.05030253372903,35.94987960781436
217,34.07746541881618,35.94987960781436
218,67.40978412568917,35.94987960781436
219,23.184038051620647,35.94987960781436
220,11.274270319009746,35.94987960781436
221,19.582634376571477,35.94987960781436
222,38.436392053660214,35.94987960781436
223,38.02868966829091,35.94987960781436
224,38.31984364056356,35.94987960781436
225,35.38493708668849,35.94987960781436
226,19.434202610678728,35.94987960781436
227,25.49536745480138,35.94987960781436
228,27.160490330094255,35.94987960781436
229,55.70159446566831,35.94987960781436
230,44.61388756385531,35.94987960781436
231,23.729410626588823,35.94987960781436
232,18.84889335225994,35.94987960781436
233,13.048491334830402,0.19048491334830403
234,1.5,0.19048491334830403
235,0.0,0.19048491334830403
236,0.0,0.19048491334830403
237,0.0,0.19048491334830403
238,0.0,0.19048491334830403
239,0.0,0.19048491334830403
240,0.0,0.19048491334830403
241,0.0,0.19048491334830403
242,0.0,0.19048491334830403
243,0.0,0.19048491334830403
244,0.5,0.19048491334830403
245,0.0,0.19048491334830403
246,0.0,0.19048491334830403
247,0.0,0.19048491334830403
248,0.0,0.19048491334830403
249,0.0,0.19048491334830403
250,0.0,0.19048491334830403
251,0.0,0.19048491334830403
252,0.0,0.19048491334830403
253,0.0,0.19048491334830403
254,0.0,0.19048491334830403
255,0.0,0.19048491334830403
256,0.5,0.19048491334830403
257,0.0,0.19048491334830403
258,0.0,0.19048491334830403
259,0.0,0.19048491334830403
260,0.0,0.19048491334830403
261,0.0,0.19048491334830403
262,0.0,0.19048491334830403
263,0.0,0.19048491334830403
264,0.5,0.19048491334830403
265,0.0,0.19048491334830403
266,0.0,0.19048491334830403
267,0.0,0.19048491334830403
268,0.0,0.19048491334830403
269,0.0,0.19048491334830403
270,0.0,0.19048491334830403
271,0.0,0.19048491334830403
272,0.5,0.19048491334830403
273,0.0,0.19048491334830403
274,0.0,0.19048491334830403
275,0.0,0.19048491334830403
276,0.0,0.19048491334830403
277,0.0,0.19048491334830403
278,0.0,0.19048491334830403
279,0.0,0.19048491334830403
280,0.0,0.19048491334830403
281,0.0,0.19048491334830403
282,0.0,0.19048491334830403
283,0.0,0.19048491334830403
284,0.0,0.19048491334830403
285,0.0,0.19048491334830403
286,0.0,0.19048491334830403
287,0.0,0.19048491334830403
288,0.0,0.19048491334830403
289,0.0,0.19048491334830403
290,0.0,0.19048491334830403
291,0.0,0.19048491334830403
292,0.0,0.19048491334830403
293,0.0,0.19048491334830403
294,0.0,0.19048491334830403
295,0.0,0.19048491334830403
296,0.5,0.19048491334830403
297,0.0,0.19048491334830403
298,0.0,0.19048491334830403
299,0.0,0.19048491334830403
300,0.0,0.19048491334830403
301,0.0,0.19048491334830403
302,0.0,0.19048491334830403
303,0.0,0.19048491334830403
304,0.0,0.19048491334830403
305,0.0,0.19048491334830403
306,0.0,0.19048491334830403
307,0.0,0.19048491334830403
308,0.0,0.19048491334830403
309,0.0,0.19048491334830403
310,0.0,0.19048491334830403
311,0.0,0.19048491334830403
312,0.0,0.19048491334830403
313,0.0,0.19048491334830403
314,0.0,0.19048491334830403
315,0.0,0.19048491334830403
316,0.0,0.19048491334830403
317,0.0,0.19048491334830403
318,0.0,0.19048491334830403
319,0.5,0.19048491334830403
320,0.5,0.19048491334830403
321,0.0,0.19048491334830403
322,0.0,0.19048491334830403
323,0.5,0.19048491334830403
324,0.0,0.19048491334830403
325,0.0,0.19048491334830403
326,0.0,0.19048491334830403
327,0.0,0.19048491334830403
328,0.0,0.19048491334830403
329,0.0,0.19048491334830403
330,0.0,0.19048491334830403
331,0.5,0.19048491334830403
332,0.5,0.19048491334830403
