Timepoint,Track1 ID,Track2 ID,Peak1 ID,Peak2 ID,Peak1 pos (px),Peak2 pos (px),Displacement1 (px),Displacement2 (px),Initial separation (px),R2,Intercept
0,2,2,2,2,14.593464265463465,15.467614127440529,0.0,0.0,0.8741498619770631,-0.3336369143964275,-1.3407596547778775
1,2,2,5,5,14.617991817248964,15.337981163357039,0.024527551785498147,-0.12963296408348945,0.8741498619770631,-0.3336369143964275,-1.3407596547778775
2,2,2,8,8,14.627002555114377,15.124334695260055,0.033538289650911324,-0.3432794321804735,0.8741498619770631,-0.3336369143964275,-1.3407596547778775
3,2,2,11,11,14.58589599791843,14.936926309637617,-0.007568267545035923,-0.530687817802912,0.8741498619770631,-0.3336369143964275,-1.3407596547778775
4,2,2,14,14,14.550813124146089,14.798845950123486,-0.042651141317376684,-0.6687681773170429,0.8741498619770631,-0.3336369143964275,-1.3407596547778775
5,2,2,17,17,14.528417548192547,14.899511980635497,-0.06504671727091882,-0.5681021468050318,0.8741498619770631,-0.3336369143964275,-1.3407596547778775
6,2,2,19,20,14.545036586994463,14.966483177891986,-0.04842767846900209,-0.5011309495485428,0.8741498619770631,-0.3336369143964275,-1.3407596547778775
7,2,2,22,23,14.58308291508193,14.734794479756323,-0.010381350381535981,-0.7328196476842059,0.8741498619770631,-0.3336369143964275,-1.3407596547778775
8,2,2,25,27,14.63557651800104,14.513167503461577,0.042112252537574335,-0.9544466239789511,0.8741498619770631,-0.3336369143964275,-1.3407596547778775
9,2,2,28,30,14.722361813434054,14.441257404131225,0.12889754797058828,-1.0263567233093038,0.8741498619770631,-0.3336369143964275,-1.3407596547778775
10,2,2,31,33,14.793282257535235,14.362764163029297,0.19981799207176998,-1.1048499644112315,0.8741498619770631,-0.3336369143964275,-1.3407596547778775
11,2,2,35,36,14.888180949067156,14.242040627397845,0.2947166836036903,-1.2255735000426835,0.8741498619770631,-0.3336369143964275,-1.3407596547778775
12,2,2,39,39,14.954917391033588,14.181623211578222,0.3614531255701223,-1.2859909158623068,0.8741498619770631,-0.3336369143964275,-1.3407596547778775
13,2,2,42,42,14.966278027347267,14.188329628464803,0.3728137618838012,-1.2792844989757253,0.8741498619770631,-0.3336369143964275,-1.3407596547778775
14,2,2,45,45,14.927908975073173,14.18056972297653,0.3344447096097074,-1.2870444044639981,0.8741498619770631,-0.3336369143964275,-1.3407596547778775
15,2,2,48,48,14.839694571914436,14.190508798560492,0.2462303064509701,-1.2771053288800367,0.8741498619770631,-0.3336369143964275,-1.3407596547778775
16,2,2,51,51,14.780780638045028,14.210502261808763,0.18731637258156297,-1.2571118656317655,0.8741498619770631,-0.3336369143964275,-1.3407596547778775
17,2,2,53,54,14.740881722942351,14.224596940248373,0.1474174574788858,-1.2430171871921551,0.8741498619770631,-0.3336369143964275,-1.3407596547778775
18,2,2,56,57,14.75171588990533,14.328221725538517,0.15825162444186525,-1.1393924019020112,0.8741498619770631,-0.3336369143964275,-1.3407596547778775
19,2,2,59,60,14.714284435552269,14.56129840164556,0.12082017008880364,-0.9063157257949683,0.8741498619770631,-0.3336369143964275,-1.3407596547778775
20,2,2,63,63,14.600626007593728,14.791716238642794,0.0071617421302629936,-0.6758978887977349,0.8741498619770631,-0.3336369143964275,-1.3407596547778775
21,2,2,65,66,14.472059364519772,14.914029450728185,-0.12140490094369305,-0.5535846767123438,0.8741498619770631,-0.3336369143964275,-1.3407596547778775
22,2,2,68,69,14.328167111745751,14.699795952248534,-0.26529715371771445,-0.7678181751919944,0.8741498619770631,-0.3336369143964275,-1.3407596547778775
23,2,2,71,72,14.294787074002098,14.246854890530546,-0.2986771914613673,-1.2207592369099824,0.8741498619770631,-0.3336369143964275,-1.3407596547778775
24,2,2,74,75,14.354846824823007,13.841879940170742,-0.23861744064045887,-1.6257341872697868,0.8741498619770631,-0.3336369143964275,-1.3407596547778775
25,2,2,77,78,14.438386512919585,13.62194204732468,-0.15507775254388,-1.8456720801158486,0.8741498619770631,-0.3336369143964275,-1.3407596547778775
26,2,2,80,81,14.640338324030045,13.613449622361717,0.04687405856657989,-1.8541645050788116,0.8741498619770631,-0.3336369143964275,-1.3407596547778775
27,2,2,84,84,14.960210427527707,13.571001989703129,0.36674616206424204,-1.8966121377373995,0.8741498619770631,-0.3336369143964275,-1.3407596547778775
28,2,2,87,87,15.190808214597078,13.521681796078308,0.597343949133613,-1.9459323313622203,0.8741498619770631,-0.3336369143964275,-1.3407596547778775
29,2,2,90,90,15.179288043254639,13.445648149568743,0.5858237777911732,-2.021965977871785,0.8741498619770631,-0.3336369143964275,-1.3407596547778775
30,2,2,93,93,15.004461119990964,13.309422551951565,0.41099685452749846,-2.1581915754889636,0.8741498619770631,-0.3336369143964275,-1.3407596547778775
31,2,2,96,96,14.834927970367868,13.228402190907067,0.24146370490440283,-2.2392119365334615,0.8741498619770631,-0.3336369143964275,-1.3407596547778775
32,2,2,99,99,14.71581274462693,13.256951837188229,0.12234847916346503,-2.2106622902522997,0.8741498619770631,-0.3336369143964275,-1.3407596547778775
33,2,2,102,101,14.576161553926738,13.32972246097646,-0.017302711536727244,-2.1378916664640677,0.8741498619770631,-0.3336369143964275,-1.3407596547778775
34,2,2,105,104,14.456350464975365,13.400340279429704,-0.13711380048810007,-2.0672738480108244,0.8741498619770631,-0.3336369143964275,-1.3407596547778775
35,2,2,108,107,14.412333220213513,13.538943259843293,-0.18113104524995194,-1.9286708675972353,0.8741498619770631,-0.3336369143964275,-1.3407596547778775
36,2,2,111,110,14.413370817852256,13.741151984539576,-0.1800934476112097,-1.726462142900953,0.8741498619770631,-0.3336369143964275,-1.3407596547778775
37,2,2,114,113,14.453056621158373,13.978081376568644,-0.14040764430509256,-1.4895327508718843,0.8741498619770631,-0.3336369143964275,-1.3407596547778775
0,3,3,3,3,136.4049906631715,136.82829810770363,0.0,0.0,0.4233074445321279,0.9624279339276353,-0.4575072618765812
1,3,3,6,6,136.29493907213498,136.86439168511973,-0.11005159103652318,0.03609357741609642,0.4233074445321279,0.9624279339276353,-0.4575072618765812
2,3,3,9,9,136.2100270478396,136.9295684913862,-0.19496361533191475,0.1012703836825608,0.4233074445321279,0.9624279339276353,-0.4575072618765812
3,3,3,12,12,136.24567810514523,136.9407076791164,-0.1593125580262722,0.11240957141276908,0.4233074445321279,0.9624279339276353,-0.4575072618765812
4,3,3,15,15,136.4085163108503,136.9045072611492,0.0035256476787992597,0.07620915344557488,0.4233074445321279,0.9624279339276353,-0.4575072618765812
5,3,3,18,18,136.62483960801964,136.8073260477036,0.21984894484813822,-0.02097206000001961,0.4233074445321279,0.9624279339276353,-0.4575072618765812
6,3,3,21,21,136.76905902054125,136.6408886654109,0.36406835736974585,-0.18740944229273282,0.4233074445321279,0.9624279339276353,-0.4575072618765812
7,3,3,24,24,136.91822707740036,136.580828201813,0.5132364142288566,-0.24746990589062534,0.4233074445321279,0.9624279339276353,-0.4575072618765812
8,3,3,27,26,137.1254612983673,136.6326223529915,0.7204706351957952,-0.19567575471214127,0.4233074445321279,0.9624279339276353,-0.4575072618765812
9,3,3,30,29,137.34118479505895,136.69383108419294,0.9361941318874472,-0.13446702351069462,0.4233074445321279,0.9624279339276353,-0.4575072618765812
10,3,3,33,32,137.46980206466029,136.8441395661836,1.0648114014887824,0.01584145847996865,0.4233074445321279,0.9624279339276353,-0.4575072618765812
11,3,3,36,35,137.51509367385654,137.19417382882656,1.1101030106850374,0.3658757211229329,0.4233074445321279,0.9624279339276353,-0.4575072618765812
12,3,3,38,38,137.5443348126293,137.59027613393067,1.1393441494577985,0.761978026227041,0.4233074445321279,0.9624279339276353,-0.4575072618765812
13,3,3,41,41,137.56508322675222,137.81454842585555,1.1600925635807187,0.9862503181519173,0.4233074445321279,0.9624279339276353,-0.4575072618765812
14,3,3,44,44,137.629658873833,137.87540389805147,1.2246682106614912,1.0471057903478425,0.4233074445321279,0.9624279339276353,-0.4575072618765812
15,3,3,47,47,137.7187983195803,137.9056213934986,1.313807656408784,1.0773232857949608,0.4233074445321279,0.9624279339276353,-0.4575072618765812
16,3,3,50,50,137.706193448939,137.98470312105405,1.3012027857674866,1.1564050133504225,0.4233074445321279,0.9624279339276353,-0.4575072618765812
17,3,3,54,53,137.65635568672204,138.1098048353609,1.2513650235505338,1.2815067276572734,0.4233074445321279,0.9624279339276353,-0.4575072618765812
18,3,3,57,56,137.66684060693325,138.23793200955032,1.2618499437617459,1.4096339018466892,0.4233074445321279,0.9624279339276353,-0.4575072618765812
19,3,3,60,59,137.61431916392178,138.31192574323907,1.2093285007502743,1.4836276355354414,0.4233074445321279,0.9624279339276353,-0.4575072618765812
20,3,3,62,62,137.52601098574732,138.30075130457936,1.1210203225758164,1.4724531968757333,0.4233074445321279,0.9624279339276353,-0.4575072618765812
21,3,3,66,65,137.48168874969883,138.17127155993495,1.0766980865273297,1.3429734522313197,0.4233074445321279,0.9624279339276353,-0.4575072618765812
22,3,3,69,68,137.54990253456023,137.96823307305368,1.1449118713887287,1.1399349653500508,0.4233074445321279,0.9624279339276353,-0.4575072618765812
23,3,3,72,71,137.65869460351547,137.73690647235927,1.2537039403439678,0.9086083646556347,0.4233074445321279,0.9624279339276353,-0.4575072618765812
24,3,3,75,74,137.65606688915688,137.56516217002203,1.251076225985372,0.7368640623184035,0.4233074445321279,0.9624279339276353,-0.4575072618765812
25,3,3,78,77,137.5918449921607,137.60547036466838,1.1868543289891988,0.7771722569647466,0.4233074445321279,0.9624279339276353,-0.4575072618765812
26,3,3,81,80,137.48216511789215,137.85461409292222,1.077174454720648,1.026315985218588,0.4233074445321279,0.9624279339276353,-0.4575072618765812
27,3,3,83,83,137.4324454212842,138.0539599587548,1.0274547581126967,1.2256618510511714,0.4233074445321279,0.9624279339276353,-0.4575072618765812
28,3,3,86,86,137.49045815556707,138.01949289799097,1.0854674923955656,1.1911947902873408,0.4233074445321279,0.9624279339276353,-0.4575072618765812
29,3,3,89,89,137.59070321064326,137.8569260657149,1.185712547471752,1.0286279580112705,0.4233074445321279,0.9624279339276353,-0.4575072618765812
30,3,3,92,92,137.70398615043356,137.66437120452343,1.2989954872620615,0.8360730968198027,0.4233074445321279,0.9624279339276353,-0.4575072618765812
31,3,3,95,95,137.90661787440865,137.4739148246044,1.5016272112371496,0.6456167169007756,0.4233074445321279,0.9624279339276353,-0.4575072618765812
32,3,3,98,98,138.12848948402112,137.19534149369727,1.7234988208496134,0.3670433859936395,0.4233074445321279,0.9624279339276353,-0.4575072618765812
33,3,3,101,102,138.30272237058742,137.04534085221704,1.8977317074159146,0.21704274451340666,0.4233074445321279,0.9624279339276353,-0.4575072618765812
34,3,3,104,105,138.49659968080633,137.1514643744883,2.0916090176348234,0.32316626678468197,0.4233074445321279,0.9624279339276353,-0.4575072618765812
35,3,3,107,108,138.66741894242455,137.3191656674869,2.2624282792530437,0.49086755978328256,0.4233074445321279,0.9624279339276353,-0.4575072618765812
36,3,3,110,111,138.78709666822425,137.56804042644518,2.382106005052748,0.7397423187415484,0.4233074445321279,0.9624279339276353,-0.4575072618765812
37,3,3,113,114,138.89337742811932,137.8485214264831,2.488386764947819,1.0202233187794718,0.4233074445321279,0.9624279339276353,-0.4575072618765812
38,3,3,116,117,138.96396198848714,137.953216672934,2.558971325315639,1.1249185652303595,0.4233074445321279,0.9624279339276353,-0.4575072618765812
39,3,3,118,120,139.01147348221096,137.9995791464038,2.6064828190394564,1.1712810387001582,0.4233074445321279,0.9624279339276353,-0.4575072618765812
40,3,3,120,123,139.05351362556405,138.16652441279612,2.6485229623925477,1.3382263050924905,0.4233074445321279,0.9624279339276353,-0.4575072618765812
41,3,3,122,126,139.090177524745,138.53139621456762,2.6851868615734986,1.7030981068639903,0.4233074445321279,0.9624279339276353,-0.4575072618765812
42,3,3,124,129,139.18682825733356,139.067556779164,2.781837594162056,2.2392586714603624,0.4233074445321279,0.9624279339276353,-0.4575072618765812
43,3,3,125,132,139.25869265785494,139.4283047480228,2.8537019946834334,2.6000066403191795,0.4233074445321279,0.9624279339276353,-0.4575072618765812
44,3,3,127,135,139.27670740229436,139.6048231460613,2.87171673912286,2.7765250383576756,0.4233074445321279,0.9624279339276353,-0.4575072618765812
45,3,3,129,138,139.29763405327736,139.60837522732066,2.89264339010586,2.780077119617033,0.4233074445321279,0.9624279339276353,-0.4575072618765812
46,3,3,132,140,139.39135292281,139.4269573361988,2.986362259638497,2.5986592284951655,0.4233074445321279,0.9624279339276353,-0.4575072618765812
47,3,3,134,143,139.55115711322898,139.26686491870458,3.1461664500574784,2.4385668110009533,0.4233074445321279,0.9624279339276353,-0.4575072618765812
48,3,3,136,146,139.68980339810454,139.28508559578603,3.284812734933041,2.456787488082398,0.4233074445321279,0.9624279339276353,-0.4575072618765812
49,3,3,138,149,139.74033842824184,139.44187468484637,3.3353477650703383,2.6135765771427373,0.4233074445321279,0.9624279339276353,-0.4575072618765812
50,3,3,139,152,139.6512646649496,139.5493254775314,3.2462740017780902,2.721027369827766,0.4233074445321279,0.9624279339276353,-0.4575072618765812
51,3,3,141,156,139.39727512004447,139.52273986723657,2.992284456872966,2.6944417595329355,0.4233074445321279,0.9624279339276353,-0.4575072618765812
52,3,3,143,159,139.05308813943319,139.41492128787283,2.6480974762616825,2.586623180169198,0.4233074445321279,0.9624279339276353,-0.4575072618765812
53,3,3,146,162,138.79946470370422,139.29943037061045,2.394474040532714,2.4711322629068206,0.4233074445321279,0.9624279339276353,-0.4575072618765812
54,3,3,148,165,138.65190042922245,139.17805443603282,2.2469097660509476,2.3497563283291925,0.4233074445321279,0.9624279339276353,-0.4575072618765812
55,3,3,150,167,138.558846828652,139.06583131463523,2.153856165480505,2.2375332069316016,0.4233074445321279,0.9624279339276353,-0.4575072618765812
56,3,3,152,170,138.59936743464434,138.83982293836496,2.1943767714728324,2.0115248306613296,0.4233074445321279,0.9624279339276353,-0.4575072618765812
57,3,3,154,173,138.68682440146313,138.52788343985415,2.281833738291624,1.6995853321505194,0.4233074445321279,0.9624279339276353,-0.4575072618765812
58,3,3,156,176,138.7116155690924,138.2969161429364,2.3066249059208985,1.4686180352327654,0.4233074445321279,0.9624279339276353,-0.4575072618765812
59,3,3,158,179,138.70756421111201,138.18664864875254,2.3025735479405114,1.3583505410489067,0.4233074445321279,0.9624279339276353,-0.4575072618765812
60,3,3,160,182,138.71181021636235,138.25868801454726,2.3068195531908486,1.4303899068436294,0.4233074445321279,0.9624279339276353,-0.4575072618765812
61,3,3,162,185,138.71688183251302,138.55904012069809,2.3118911693415214,1.7307420129944546,0.4233074445321279,0.9624279339276353,-0.4575072618765812
62,3,3,164,188,138.73350231397308,138.97617320116413,2.3285116508015733,2.147875093460499,0.4233074445321279,0.9624279339276353,-0.4575072618765812
63,3,3,166,192,138.79817408245702,139.37668044951235,2.3931834192855206,2.5483823418087184,0.4233074445321279,0.9624279339276353,-0.4575072618765812
64,3,3,168,195,138.88934427333356,139.74384972600055,2.48435361016206,2.9155516182969166,0.4233074445321279,0.9624279339276353,-0.4575072618765812
65,3,3,169,198,138.99723795079174,139.98341885066228,2.592247287620239,3.155120742958644,0.4233074445321279,0.9624279339276353,-0.4575072618765812
66,3,3,171,200,139.1119482999312,140.05027015879327,2.706957636759711,3.2219720510896366,0.4233074445321279,0.9624279339276353,-0.4575072618765812
67,3,3,174,203,139.21103922988962,139.9371276029454,2.8060485667181183,3.108829495241764,0.4233074445321279,0.9624279339276353,-0.4575072618765812
68,3,3,176,207,139.30439342531122,139.89181668151664,2.899402762139715,3.0635185738130133,0.4233074445321279,0.9624279339276353,-0.4575072618765812
69,3,3,178,210,139.4384332341896,140.0149108750006,3.0334425710180994,3.186612767296964,0.4233074445321279,0.9624279339276353,-0.4575072618765812
70,3,3,180,213,139.5947083228715,140.09793869223438,3.189717659699994,3.269640584530748,0.4233074445321279,0.9624279339276353,-0.4575072618765812
71,3,3,182,215,139.73219464557445,140.20736352478346,3.327203982402949,3.379065417079829,0.4233074445321279,0.9624279339276353,-0.4575072618765812
72,3,3,184,218,139.8150995808988,140.36834435290424,3.4101089177272854,3.540046245200614,0.4233074445321279,0.9624279339276353,-0.4575072618765812
73,3,3,185,221,139.85473934272233,140.60831709340107,3.4497486795508223,3.7800189856974384,0.4233074445321279,0.9624279339276353,-0.4575072618765812
74,3,3,187,224,139.96447897901035,140.84548091964407,3.5594883158388484,4.017182811940444,0.4233074445321279,0.9624279339276353,-0.4575072618765812
75,3,3,190,227,140.12451334043695,141.03869280726445,3.719522677265445,4.210394699560823,0.4233074445321279,0.9624279339276353,-0.4575072618765812
76,3,3,192,231,140.2910286619106,141.30748301270398,3.8860379987390843,4.479184905000352,0.4233074445321279,0.9624279339276353,-0.4575072618765812
77,3,3,194,234,140.5465603449316,141.5892922894101,4.141569681760103,4.760994181706479,0.4233074445321279,0.9624279339276353,-0.4575072618765812
78,3,3,196,237,140.8780840122058,141.72774231899913,4.473093349034286,4.899444211295503,0.4233074445321279,0.9624279339276353,-0.4575072618765812
79,3,3,198,240,141.12185477417816,141.7900956612297,4.716864111006657,4.9617975535260825,0.4233074445321279,0.9624279339276353,-0.4575072618765812
80,3,3,200,243,141.28251357516697,141.87218417715573,4.87752291199547,5.0438860694521,0.4233074445321279,0.9624279339276353,-0.4575072618765812
81,3,3,202,246,141.3820892178279,141.711481242694,4.977098554656408,4.883183134990361,0.4233074445321279,0.9624279339276353,-0.4575072618765812
82,3,3,204,249,141.34486114730402,141.22187609835964,4.939870484132513,4.393577990656013,0.4233074445321279,0.9624279339276353,-0.4575072618765812
83,3,3,206,252,141.21841546313922,140.84127457816155,4.81342479996772,4.0129764704579145,0.4233074445321279,0.9624279339276353,-0.4575072618765812
84,3,3,208,255,141.14747531066894,140.78760209205115,4.7424846474974345,3.959303984347514,0.4233074445321279,0.9624279339276353,-0.4575072618765812
86,3,3,211,260,141.01683655499932,141.11980944976924,4.611845891827812,4.291511342065604,0.4233074445321279,0.9624279339276353,-0.4575072618765812
87,3,3,213,263,140.90097294273593,141.01957521298337,4.49598227956443,4.191277105279738,0.4233074445321279,0.9624279339276353,-0.4575072618765812
88,3,3,215,266,140.83365944830825,140.8196027153612,4.42866878513675,3.9913046076575824,0.4233074445321279,0.9624279339276353,-0.4575072618765812
89,3,3,217,269,140.83918085203769,140.59419557320822,4.434190188866182,3.765897465504594,0.4233074445321279,0.9624279339276353,-0.4575072618765812
90,3,3,219,272,140.8363325114085,140.30219993895776,4.431341848236997,3.4739018312541248,0.4233074445321279,0.9624279339276353,-0.4575072618765812
91,3,3,221,275,140.7978532544517,140.24806526147552,4.392862591280192,3.419767153771886,0.4233074445321279,0.9624279339276353,-0.4575072618765812
92,3,3,224,278,140.7427460137724,140.4582626122137,4.337755350600901,3.6299645045100704,0.4233074445321279,0.9624279339276353,-0.4575072618765812
93,3,3,226,281,140.60901780132352,140.65945941682006,4.204027138152014,3.8311613091164247,0.4233074445321279,0.9624279339276353,-0.4575072618765812
94,3,3,228,284,140.56102553767278,140.75720533762015,4.156034874501273,3.9289072299165184,0.4233074445321279,0.9624279339276353,-0.4575072618765812
95,3,3,230,287,140.7342009213765,140.90907278561073,4.329210258204995,4.080774677907101,0.4233074445321279,0.9624279339276353,-0.4575072618765812
96,3,3,232,290,141.00021383499603,141.1132655152804,4.595223171824529,4.284967407576772,0.4233074445321279,0.9624279339276353,-0.4575072618765812
97,3,3,234,293,141.2689057826645,141.33398146692224,4.863915119492987,4.505683359218608,0.4233074445321279,0.9624279339276353,-0.4575072618765812
98,3,3,236,296,141.4540281454737,141.56037743008244,5.049037482302197,4.732079322378809,0.4233074445321279,0.9624279339276353,-0.4575072618765812
99,3,3,238,299,141.46070745545364,141.5281871134878,5.055716792282141,4.699889005784172,0.4233074445321279,0.9624279339276353,-0.4575072618765812
100,3,3,240,302,141.29557502720002,141.2406531944822,4.890584364028513,4.412355086778575,0.4233074445321279,0.9624279339276353,-0.4575072618765812
101,3,3,242,305,141.15143944078653,140.916294860679,4.746448777615029,4.087996752975357,0.4233074445321279,0.9624279339276353,-0.4575072618765812
102,3,3,244,308,141.18474125342837,140.7511673755358,4.779750590256867,3.9228692678321693,0.4233074445321279,0.9624279339276353,-0.4575072618765812
103,3,3,246,311,141.4999966688323,140.78389862356832,5.095006005660792,3.9556005158646883,0.4233074445321279,0.9624279339276353,-0.4575072618765812
104,3,3,248,314,141.73361588786398,140.8926810915824,5.328625224692473,4.064382983878772,0.4233074445321279,0.9624279339276353,-0.4575072618765812
105,3,3,250,316,141.71248412088116,140.9957315726669,5.307493457709654,4.167433464963267,0.4233074445321279,0.9624279339276353,-0.4575072618765812
106,3,3,252,319,141.72211436517821,141.0333267560881,5.317123702006711,4.205028648384456,0.4233074445321279,0.9624279339276353,-0.4575072618765812
107,3,3,254,323,141.73279605866475,141.15266832545288,5.327805395493243,4.324370217749248,0.4233074445321279,0.9624279339276353,-0.4575072618765812
108,3,3,256,326,141.75241222583506,141.46195658317438,5.3474215626635555,4.633658475470753,0.4233074445321279,0.9624279339276353,-0.4575072618765812
109,3,3,258,329,141.86924564355255,141.7449912613906,5.4642549803810425,4.916693153686964,0.4233074445321279,0.9624279339276353,-0.4575072618765812
110,3,3,260,332,142.02017132957627,141.92046140207626,5.615180666404768,5.092163294372625,0.4233074445321279,0.9624279339276353,-0.4575072618765812
111,3,3,262,335,142.15309711090342,142.07529574105203,5.748106447731914,5.2469976333484,0.4233074445321279,0.9624279339276353,-0.4575072618765812
112,3,3,264,337,142.2078309558377,142.18001352293396,5.80284029266619,5.351715415230331,0.4233074445321279,0.9624279339276353,-0.4575072618765812
113,3,3,265,340,142.1912489273409,142.22958952520247,5.7862582641693905,5.40129141749884,0.4233074445321279,0.9624279339276353,-0.4575072618765812
114,3,3,267,343,142.10381820000305,142.21030359234473,5.698827536831544,5.382005484641098,0.4233074445321279,0.9624279339276353,-0.4575072618765812
115,3,3,269,346,141.97838040864744,142.15550832160025,5.573389745475936,5.32721021389662,0.4233074445321279,0.9624279339276353,-0.4575072618765812
116,3,3,271,349,141.86208859531376,142.10071935192167,5.457097932142261,5.272421244218037,0.4233074445321279,0.9624279339276353,-0.4575072618765812
117,3,3,273,352,141.7663231231132,142.03078109140137,5.361332459941707,5.202482983697735,0.4233074445321279,0.9624279339276353,-0.4575072618765812
118,3,3,275,355,141.78789880796845,142.09380739534433,5.382908144796943,5.265509287640697,0.4233074445321279,0.9624279339276353,-0.4575072618765812
119,3,3,278,359,141.89649170912136,142.33421927556185,5.49150104594986,5.505921167858219,0.4233074445321279,0.9624279339276353,-0.4575072618765812
120,3,3,280,361,142.0425107953829,142.68592237432216,5.637520132211392,5.857624266618529,0.4233074445321279,0.9624279339276353,-0.4575072618765812
121,3,3,282,364,142.2217948347293,143.04600491526108,5.816804171557806,6.217706807557448,0.4233074445321279,0.9624279339276353,-0.4575072618765812
122,3,3,284,368,142.4348228332622,143.354965522898,6.029832170090685,6.5266674151943675,0.4233074445321279,0.9624279339276353,-0.4575072618765812
123,3,3,286,371,142.64001055534698,143.6380577279591,6.2350198921754725,6.809759620255477,0.4233074445321279,0.9624279339276353,-0.4575072618765812
124,3,3,288,374,142.7929442711359,143.90038697936262,6.387953607964391,7.072088871658991,0.4233074445321279,0.9624279339276353,-0.4575072618765812
125,3,3,290,377,142.95376982705906,144.05369388616444,6.548779163887559,7.225395778460808,0.4233074445321279,0.9624279339276353,-0.4575072618765812
126,3,3,292,380,143.0789067720936,144.08475391242985,6.6739161089221,7.256455804726215,0.4233074445321279,0.9624279339276353,-0.4575072618765812
127,3,3,294,383,143.24912091404119,144.0671318011693,6.844130250869682,7.238833693465665,0.4233074445321279,0.9624279339276353,-0.4575072618765812
128,3,3,296,386,143.4758492526962,143.90168464821653,7.070858589524704,7.0733865405128995,0.4233074445321279,0.9624279339276353,-0.4575072618765812
129,3,3,298,389,143.72225811164571,143.6450943337464,7.317267448474212,6.816796226042783,0.4233074445321279,0.9624279339276353,-0.4575072618765812
130,3,3,300,392,143.97811053624784,143.57113429949095,7.573119873076337,6.742836191787319,0.4233074445321279,0.9624279339276353,-0.4575072618765812
131,3,3,302,395,144.1628401371477,143.72480608723697,7.757849473976194,6.8965079795333395,0.4233074445321279,0.9624279339276353,-0.4575072618765812
132,3,3,304,398,144.21749052880494,143.99721293111963,7.812499865633441,7.168914823416003,0.4233074445321279,0.9624279339276353,-0.4575072618765812
133,3,3,306,401,144.24927467506518,144.2669347511643,7.844284011893677,7.438636643460683,0.4233074445321279,0.9624279339276353,-0.4575072618765812
134,3,3,308,404,144.2847168640487,144.44562206228386,7.879726200877201,7.617323954580229,0.4233074445321279,0.9624279339276353,-0.4575072618765812
135,3,3,309,407,144.18338191572033,144.37871641197438,7.778391252548829,7.55041830427075,0.4233074445321279,0.9624279339276353,-0.4575072618765812
136,3,3,311,410,144.0165320807281,144.15374125012374,7.6115414175565945,7.325443142420113,0.4233074445321279,0.9624279339276353,-0.4575072618765812
137,3,3,313,413,143.8793187019759,143.90258894231093,7.474328038804401,7.074290834607297,0.4233074445321279,0.9624279339276353,-0.4575072618765812
138,3,3,315,416,143.77345434899212,143.59870482551497,7.368463685820615,6.7704067178113405,0.4233074445321279,0.9624279339276353,-0.4575072618765812
139,3,3,317,419,143.66550910244158,143.28830169434843,7.260518439270072,6.4600035866448025,0.4233074445321279,0.9624279339276353,-0.4575072618765812
140,3,3,319,422,143.53219830963056,142.94528951543512,7.1272076464590555,6.11699140773149,0.4233074445321279,0.9624279339276353,-0.4575072618765812
141,3,3,321,425,143.3313184751806,142.47908373495417,6.926327812009106,5.650785627250542,0.4233074445321279,0.9624279339276353,-0.4575072618765812
142,3,3,323,428,143.1221867580765,142.11677747422274,6.717196094905006,5.2884793665191125,0.4233074445321279,0.9624279339276353,-0.4575072618765812
143,3,3,325,430,143.0426733725447,142.00548604561607,6.637682709373195,5.177187937912436,0.4233074445321279,0.9624279339276353,-0.4575072618765812
144,3,3,327,434,143.10071328266974,142.19016691880185,6.695722619498241,5.361868811098219,0.4233074445321279,0.9624279339276353,-0.4575072618765812
145,3,3,329,437,143.27931530316877,142.69390882020298,6.874324639997269,5.865610712499347,0.4233074445321279,0.9624279339276353,-0.4575072618765812
146,3,3,331,440,143.64104468656495,143.2214053478534,7.23605402339345,6.39310724014976,0.4233074445321279,0.9624279339276353,-0.4575072618765812
147,3,3,333,444,143.92051746081594,143.53323303599169,7.515526797644441,6.704934928288054,0.4233074445321279,0.9624279339276353,-0.4575072618765812
148,3,3,335,448,143.99572482469142,143.5271539560509,7.590734161519919,6.698855848347279,0.4233074445321279,0.9624279339276353,-0.4575072618765812
149,3,3,337,452,143.99856749972406,143.4397158705151,7.5935768365525576,6.61141776281147,0.4233074445321279,0.9624279339276353,-0.4575072618765812
150,3,3,339,455,143.95878435316794,143.47188694456,7.553793689996439,6.643588836856367,0.4233074445321279,0.9624279339276353,-0.4575072618765812
151,3,3,342,458,143.897410167099,143.55048101416156,7.4924195039274935,6.722182906457931,0.4233074445321279,0.9624279339276353,-0.4575072618765812
152,3,3,344,461,143.88381172213482,143.73047212358384,7.4788210589633195,6.902174015880206,0.4233074445321279,0.9624279339276353,-0.4575072618765812
153,3,3,346,465,143.79923869525035,143.83364557393853,7.394248032078849,7.005347466234895,0.4233074445321279,0.9624279339276353,-0.4575072618765812
154,3,3,348,468,143.62832746181417,143.75091108895768,7.223336798642663,6.922612981254048,0.4233074445321279,0.9624279339276353,-0.4575072618765812
155,3,3,350,471,143.52934326720984,143.63813721513614,7.124352604038336,6.809839107432509,0.4233074445321279,0.9624279339276353,-0.4575072618765812
156,3,3,352,473,143.4572419705264,143.53167025575323,7.052251307354908,6.703372148049596,0.4233074445321279,0.9624279339276353,-0.4575072618765812
157,3,3,355,476,143.41458954730592,143.4665759298535,7.0095988841344194,6.63827782214986,0.4233074445321279,0.9624279339276353,-0.4575072618765812
158,3,3,357,480,143.43516157094766,143.50870757315116,7.030170907776153,6.680409465447525,0.4233074445321279,0.9624279339276353,-0.4575072618765812
159,3,3,359,484,143.47360194616087,143.64345522466317,7.068611282989366,6.81515711695954,0.4233074445321279,0.9624279339276353,-0.4575072618765812
160,3,3,360,489,143.5305426336218,143.84752648053896,7.125551970450289,7.019228372835329,0.4233074445321279,0.9624279339276353,-0.4575072618765812
161,3,3,362,493,143.6598379707055,143.965329779909,7.254847307533993,7.1370316722053815,0.4233074445321279,0.9624279339276353,-0.4575072618765812
162,3,3,364,496,143.88083211518372,143.93088074793357,7.475841452012219,7.10258264022994,0.4233074445321279,0.9624279339276353,-0.4575072618765812
163,3,3,366,500,144.09372539515658,143.88135096636375,7.688734731985079,7.0530528586601235,0.4233074445321279,0.9624279339276353,-0.4575072618765812
164,3,3,368,504,144.138851509017,143.87006952374756,7.7338608458454985,7.041771416043929,0.4233074445321279,0.9624279339276353,-0.4575072618765812
165,3,3,370,508,144.0167997694318,143.81835436060808,7.611809106260296,6.990056252904452,0.4233074445321279,0.9624279339276353,-0.4575072618765812
166,3,3,372,512,143.9112505443349,143.76772449481714,7.506259881163402,6.939426387113514,0.4233074445321279,0.9624279339276353,-0.4575072618765812
167,3,3,374,515,143.91367325118358,143.81591636454522,7.508682588012078,6.987618256841586,0.4233074445321279,0.9624279339276353,-0.4575072618765812
168,3,3,376,519,144.0027811646542,143.89257733704204,7.597790501482706,7.0642792293384105,0.4233074445321279,0.9624279339276353,-0.4575072618765812
169,3,3,378,525,144.11353612804828,144.01721106604975,7.708545464876778,7.188912958346123,0.4233074445321279,0.9624279339276353,-0.4575072618765812
170,3,3,381,529,144.25694525413525,144.13066638864726,7.851954590963743,7.302368280943625,0.4233074445321279,0.9624279339276353,-0.4575072618765812
171,3,3,383,533,144.47201109625507,144.14111473693794,8.06702043308357,7.312816629234305,0.4233074445321279,0.9624279339276353,-0.4575072618765812
172,3,3,385,536,144.65671857031066,144.18752952444459,8.251727907139156,7.359231416740954,0.4233074445321279,0.9624279339276353,-0.4575072618765812
173,3,3,387,540,144.80148905013073,144.22864993657913,8.396498386959223,7.4003518288755,0.4233074445321279,0.9624279339276353,-0.4575072618765812
174,3,3,388,543,144.84408878306834,144.2896598764829,8.43909811989684,7.4613617687792555,0.4233074445321279,0.9624279339276353,-0.4575072618765812
175,3,3,390,549,144.82674522590284,144.3378629381758,8.421754562731337,7.509564830472158,0.4233074445321279,0.9624279339276353,-0.4575072618765812
176,3,3,392,552,144.81425714300704,144.4913833978044,8.409266479835537,7.663085290100781,0.4233074445321279,0.9624279339276353,-0.4575072618765812
177,3,3,394,556,144.89677588932608,144.73656113113938,8.491785226154576,7.908263023435751,0.4233074445321279,0.9624279339276353,-0.4575072618765812
178,3,3,396,561,145.05195430206078,144.77584361910425,8.646963638889275,7.9475455114006195,0.4233074445321279,0.9624279339276353,-0.4575072618765812
179,3,3,398,564,145.15172967250462,144.73341531284348,8.746739009333112,7.905117205139845,0.4233074445321279,0.9624279339276353,-0.4575072618765812
180,3,3,400,568,145.17050787290503,144.69981302847233,8.765517209733531,7.871514920768703,0.4233074445321279,0.9624279339276353,-0.4575072618765812
181,3,3,402,571,145.1993880352947,144.73141252329285,8.7943973721232,7.903114415589215,0.4233074445321279,0.9624279339276353,-0.4575072618765812
182,3,3,404,575,145.2515068065477,144.77409976722168,8.846516143376192,7.945801659518054,0.4233074445321279,0.9624279339276353,-0.4575072618765812
183,3,3,406,578,145.28252865748735,144.69262858548518,8.877537994315844,7.86433047778155,0.4233074445321279,0.9624279339276353,-0.4575072618765812
184,3,3,408,582,145.40437653920085,144.56163305480013,8.99938587602935,7.733334947096495,0.4233074445321279,0.9624279339276353,-0.4575072618765812
185,3,3,410,586,145.55127758281662,144.48987590429454,9.14628691964512,7.661577796590905,0.4233074445321279,0.9624279339276353,-0.4575072618765812
186,3,3,412,590,145.6085068779044,144.4474211907564,9.2035162147329,7.619123083052756,0.4233074445321279,0.9624279339276353,-0.4575072618765812
187,3,3,414,594,145.65406790742196,144.45448344875052,9.249077244250458,7.626185341046892,0.4233074445321279,0.9624279339276353,-0.4575072618765812
188,3,3,416,598,145.75281513726446,144.55879220056642,9.34782447409296,7.730494092862784,0.4233074445321279,0.9624279339276353,-0.4575072618765812
189,3,3,418,603,145.92266448511992,144.67304162288178,9.51767382194842,7.844743515178152,0.4233074445321279,0.9624279339276353,-0.4575072618765812
190,3,3,420,606,145.976652523508,144.77621504755103,9.57166186033649,7.947916939847403,0.4233074445321279,0.9624279339276353,-0.4575072618765812
191,3,3,422,609,145.8121956007696,144.84666229568742,9.407204937598095,8.018364187983792,0.4233074445321279,0.9624279339276353,-0.4575072618765812
192,3,3,424,613,145.59222186657766,144.87156852646942,9.187231203406157,8.043270418765786,0.4233074445321279,0.9624279339276353,-0.4575072618765812
193,3,3,426,617,145.4419859032152,144.83581561259828,9.036995240043694,8.00751750489465,0.4233074445321279,0.9624279339276353,-0.4575072618765812
194,3,3,428,621,145.38991471637374,144.7693379522657,8.984924053202235,7.941039844562056,0.4233074445321279,0.9624279339276353,-0.4575072618765812
195,3,3,430,625,145.43768314613314,144.75019570991412,9.032692482961636,7.9218976022104926,0.4233074445321279,0.9624279339276353,-0.4575072618765812
196,3,3,432,629,145.57423024181557,144.77612508127336,9.169239578644067,7.9478269735697324,0.4233074445321279,0.9624279339276353,-0.4575072618765812
197,3,3,434,634,145.67371617070526,144.93862802404013,9.268725507533759,8.110329916336497,0.4233074445321279,0.9624279339276353,-0.4575072618765812
198,3,3,436,637,145.6477109400328,145.15010045582645,9.242720276861291,8.321802348122816,0.4233074445321279,0.9624279339276353,-0.4575072618765812
199,3,3,438,640,145.5879900229898,145.2016633886137,9.182999359818297,8.373365280910065,0.4233074445321279,0.9624279339276353,-0.4575072618765812
200,3,3,441,643,145.52047134840774,145.09110887295628,9.115480685236236,8.262810765252652,0.4233074445321279,0.9624279339276353,-0.4575072618765812
201,3,3,444,646,145.57655359351065,145.15347822387562,9.17156293033915,8.325180116171992,0.4233074445321279,0.9624279339276353,-0.4575072618765812
206,3,3,454,657,145.26535236572383,146.09789934235997,8.860361702552325,9.269601234656335,0.4233074445321279,0.9624279339276353,-0.4575072618765812
207,3,3,456,660,145.23622574470033,146.0768964806209,8.831235081528831,9.248598372917257,0.4233074445321279,0.9624279339276353,-0.4575072618765812
208,3,3,458,663,145.34263094290904,145.92844209128955,8.937640279737536,9.100143983585923,0.4233074445321279,0.9624279339276353,-0.4575072618765812
209,3,3,460,666,145.48248301658728,145.75163491266088,9.077492353415778,8.923336804957245,0.4233074445321279,0.9624279339276353,-0.4575072618765812
210,3,3,462,669,145.5410098191408,145.59727722844278,9.136019155969308,8.768979120739147,0.4233074445321279,0.9624279339276353,-0.4575072618765812
211,3,3,464,672,145.470426480442,145.48025440104044,9.065435817270497,8.65195629333681,0.4233074445321279,0.9624279339276353,-0.4575072618765812
212,3,3,466,675,145.27085399564902,145.39001557099496,8.865863332477517,8.56171746329133,0.4233074445321279,0.9624279339276353,-0.4575072618765812
213,3,3,468,678,145.0616063744386,145.27521249111595,8.656615711267108,8.44691438341232,0.4233074445321279,0.9624279339276353,-0.4575072618765812
214,3,3,470,681,144.99185957944061,145.16819799812666,8.586868916269111,8.339899890423027,0.4233074445321279,0.9624279339276353,-0.4575072618765812
215,3,3,472,684,145.02901989595324,145.18809690093875,8.624029232781737,8.359798793235115,0.4233074445321279,0.9624279339276353,-0.4575072618765812
216,3,3,475,688,145.03099058365717,145.288329570694,8.625999920485668,8.460031462990372,0.4233074445321279,0.9624279339276353,-0.4575072618765812
221,3,3,484,699,144.47872920324772,145.23679406181404,8.07373854007622,8.408495954110407,0.4233074445321279,0.9624279339276353,-0.4575072618765812
222,3,3,486,701,144.55885989654158,145.14446891497693,8.153869233370074,8.316170807273295,0.4233074445321279,0.9624279339276353,-0.4575072618765812
223,3,3,488,704,144.71098957657742,145.14629733356526,8.305998913405915,8.317999225861627,0.4233074445321279,0.9624279339276353,-0.4575072618765812
224,3,3,490,707,144.88599237944678,145.18987332856986,8.481001716275273,8.361575220866229,0.4233074445321279,0.9624279339276353,-0.4575072618765812
225,3,3,492,710,145.09709419897237,145.2215316114774,8.692103535800868,8.393233503773757,0.4233074445321279,0.9624279339276353,-0.4575072618765812
226,3,3,494,713,145.26376325758622,145.1812151036604,8.858772594414717,8.352916995956775,0.4233074445321279,0.9624279339276353,-0.4575072618765812
227,3,3,496,717,145.23223448129855,145.1489957081847,8.827243818127045,8.320697600481083,0.4233074445321279,0.9624279339276353,-0.4575072618765812
228,3,3,499,720,145.14983423415762,145.09661078348185,8.74484357098612,8.268312675778219,0.4233074445321279,0.9624279339276353,-0.4575072618765812
229,3,3,500,723,145.1563228601687,144.96704920257991,8.751332196997197,8.138751094876284,0.4233074445321279,0.9624279339276353,-0.4575072618765812
230,3,3,502,726,145.1515653908277,144.95323224960003,8.746574727656196,8.124934141896404,0.4233074445321279,0.9624279339276353,-0.4575072618765812
231,3,3,504,729,145.0119958559878,144.9687114512526,8.607005192816302,8.140413343548971,0.4233074445321279,0.9624279339276353,-0.4575072618765812
232,3,3,506,732,144.775347593769,144.95734053686712,8.370356930597495,8.12904242916349,0.4233074445321279,0.9624279339276353,-0.4575072618765812
233,3,3,508,736,144.59475295274746,144.97026737506928,8.189762289575953,8.141969267365653,0.4233074445321279,0.9624279339276353,-0.4575072618765812
234,3,3,510,739,144.46270470428038,144.8755667352196,8.05771404110888,8.047268627515962,0.4233074445321279,0.9624279339276353,-0.4575072618765812
235,3,3,512,742,144.31149226415687,144.60822039347389,7.906501600985365,7.779922285770255,0.4233074445321279,0.9624279339276353,-0.4575072618765812
236,3,3,514,745,144.28786062004184,144.1947827494907,7.882869956870337,7.366484641787082,0.4233074445321279,0.9624279339276353,-0.4575072618765812
237,3,3,516,748,144.40642486530814,143.89234219374154,8.001434202136636,7.06404408603791,0.4233074445321279,0.9624279339276353,-0.4575072618765812
238,3,3,518,751,144.45417586337223,143.92615125736438,8.049185200200725,7.09785314966075,0.4233074445321279,0.9624279339276353,-0.4575072618765812
239,3,3,521,754,144.31997927142814,144.1000944162449,7.914988608256635,7.271796308541269,0.4233074445321279,0.9624279339276353,-0.4575072618765812
240,3,3,523,757,144.08087173001516,144.2080969381187,7.675881066843658,7.379798830415069,0.4233074445321279,0.9624279339276353,-0.4575072618765812
241,3,3,525,760,143.84327393902035,144.15339173950179,7.438283275848846,7.325093631798154,0.4233074445321279,0.9624279339276353,-0.4575072618765812
242,3,3,526,762,143.77966764825865,143.97032190084226,7.374676985087149,7.142023793138634,0.4233074445321279,0.9624279339276353,-0.4575072618765812
243,3,3,528,765,143.9153437956836,143.9098985340621,7.510353132512108,7.081600426358477,0.4233074445321279,0.9624279339276353,-0.4575072618765812
244,3,3,530,768,144.10758403098248,144.11492010898053,7.702593367810977,7.286622001276896,0.4233074445321279,0.9624279339276353,-0.4575072618765812
245,3,3,532,771,144.29339700735818,144.37602355358084,7.888406344186677,7.547725445877205,0.4233074445321279,0.9624279339276353,-0.4575072618765812
246,3,3,534,774,144.41021276007442,144.54035205667643,8.005222096902912,7.712053948972795,0.4233074445321279,0.9624279339276353,-0.4575072618765812
247,3,3,536,777,144.4925947501808,144.68524647001817,8.08760408700931,7.85694836231454,0.4233074445321279,0.9624279339276353,-0.4575072618765812
248,3,3,538,780,144.60318528430594,144.79134043989922,8.198194621134434,7.9630423321955845,0.4233074445321279,0.9624279339276353,-0.4575072618765812
249,3,3,540,783,144.737858300764,144.92997960514222,8.3328676375925,8.101681497438591,0.4233074445321279,0.9624279339276353,-0.4575072618765812
250,3,3,542,786,144.82973540945096,145.07147564141246,8.424744746279458,8.243177533708831,0.4233074445321279,0.9624279339276353,-0.4575072618765812
251,3,3,545,789,144.83234511061627,145.1102771697985,8.42735444744477,8.281979062094877,0.4233074445321279,0.9624279339276353,-0.4575072618765812
252,3,3,547,792,144.79180715960595,144.9815239147331,8.386816496434449,8.153225807029457,0.4233074445321279,0.9624279339276353,-0.4575072618765812
253,3,3,548,795,144.70335447466664,144.7041136332937,8.298363811495136,7.87581552559007,0.4233074445321279,0.9624279339276353,-0.4575072618765812
254,3,3,550,798,144.56771618320522,144.58049138387418,8.162725520033717,7.752193276170544,0.4233074445321279,0.9624279339276353,-0.4575072618765812
255,3,3,552,801,144.43555098060628,144.61783026609086,8.030560317434777,7.789532158387232,0.4233074445321279,0.9624279339276353,-0.4575072618765812
256,3,3,554,804,144.27653645564527,144.61541486981082,7.871545792473768,7.787116762107189,0.4233074445321279,0.9624279339276353,-0.4575072618765812
257,3,3,556,808,144.12476036085616,144.52564082440597,7.719769697684654,7.697342716702337,0.4233074445321279,0.9624279339276353,-0.4575072618765812
258,3,3,558,811,144.03312199653644,144.2534628057649,7.628131333364934,7.42516469806128,0.4233074445321279,0.9624279339276353,-0.4575072618765812
259,3,3,561,814,143.94387855071037,143.75048239547596,7.538887887538863,6.922184287772325,0.4233074445321279,0.9624279339276353,-0.4575072618765812
260,3,3,562,817,143.8599971416746,143.31180255904914,7.455006478503094,6.48350445134551,0.4233074445321279,0.9624279339276353,-0.4575072618765812
